id,kind,created_at
f0000000-0000-0000-0000-000000000001,click,2024-02-01T00:00:00Z
f0000000-0000-0000-0000-000000000002,click,2024-02-01T00:00:00Z
f0000000-0000-0000-0000-000000000003,click,2024-02-01T00:00:00Z
f0000000-0000-0000-0000-000000000004,click,2024-02-01T00:00:00Z
f0000000-0000-0000-0000-000000000005,click,2024-02-01T00:00:00Z
f0000000-0000-0000-0000-000000000006,click,2024-02-01T00:00:00Z
f0000000-0000-0000-0000-000000000007,click,2024-02-01T00:00:00Z
f0000000-0000-0000-0000-000000000008,click,2024-02-01T00:00:00Z
f0000000-0000-0000-0000-000000000009,click,2024-02-01T00:00:00Z
f0000000-0000-0000-0000-000000000010,click,2024-02-01T00:00:00Z
f0000000-0000-0000-0000-000000000011,click,2024-02-01T00:00:00Z
f0000000-0000-0000-0000-000000000012,click,2024-02-01T00:00:00Z
f0000000-0000-0000-0000-000000000013,click,2024-02-01T00:00:00Z
f0000000-0000-0000-0000-000000000014,click,2024-02-01T00:00:00Z
f0000000-0000-0000-0000-000000000015,click,2024-02-01T00:00:00Z
f0000000-0000-0000-0000-000000000016,click,2024-02-01T00:00:00Z
f0000000-0000-0000-0000-000000000017,click,2024-02-01T00:00:00Z
f0000000-0000-0000-0000-000000000018,click,2024-02-01T00:00:00Z
f0000000-0000-0000-0000-000000000019,click,2024-02-01T00:00:00Z
f0000000-0000-0000-0000-000000000020,click,2024-02-01T00:00:00Z
f0000000-0000-0000-0000-000000000021,click,2024-02-01T00:00:00Z
f0000000-0000-0000-0000-000000000022,click,2024-02-01T00:00:00Z
f0000000-0000-0000-0000-000000000023,click,2024-02-01T00:00:00Z
f0000000-0000-0000-0000-000000000024,click,2024-02-01T00:00:00Z
f0000000-0000-0000-0000-000000000025,click,2024-02-01T00:00:00Z
f0000000-0000-0000-0000-000000000026,click,2024-02-01T00:00:00Z
f0000000-0000-0000-0000-000000000027,click,2024-02-01T00:00:00Z
f0000000-0000-0000-0000-000000000028,click,2024-02-01T00:00:00Z
f0000000-0000-0000-0000-000000000029,click,2024-02-01T00:00:00Z
f0000000-0000-0000-0000-000000000030,click,2024-02-01T00:00:00Z
f0000000-0000-0000-0000-000000000031,click,2024-02-01T00:00:00Z
f0000000-0000-0000-0000-000000000032,click,2024-02-01T00:00:00Z
f0000000-0000-0000-0000-000000000033,click,2024-02-01T00:00:00Z
f0000000-0000-0000-0000-000000000034,click,2024-02-01T00:00:00Z
f0000000-0000-0000-0000-000000000035,click,2024-02-01T00:00:00Z
f0000000-0000-0000-0000-000000000036,click,2024-02-01T00:00:00Z
f0000000-0000-0000-0000-000000000037,click,2024-02-01T00:00:00Z
f0000000-0000-0000-0000-000000000038,click,2024-02-01T00:00:00Z
f0000000-0000-0000-0000-000000000039,click,2024-02-01T00:00:00Z
f0000000-0000-0000-0000-000000000040,click,2024-02-01T00:00:00Z
f0000000-0000-0000-0000-000000000041,click,2024-02-01T00:00:00Z
f0000000-0000-0000-0000-000000000042,click,2024-02-01T00:00:00Z
f0000000-0000-0000-0000-000000000043,click,2024-02-01T00:00:00Z
f0000000-0000-0000-0000-000000000044,click,2024-02-01T00:00:00Z
f0000000-0000-0000-0000-000000000045,click,2024-02-01T00:00:00Z
f0000000-0000-0000-0000-000000000046,click,2024-02-01T00:00:00Z
f0000000-0000-0000-0000-000000000047,click,2024-02-01T00:00:00Z
f0000000-0000-0000-0000-000000000048,click,2024-02-01T00:00:00Z
f0000000-0000-0000-0000-000000000049,click,2024-02-01T00:00:00Z
f0000000-0000-0000-0000-000000000050,click,2024-02-01T00:00:00Z
f0000000-0000-0000-0000-000000000051,click,2024-02-01T00:00:00Z
f0000000-0000-0000-0000-000000000052,click,2024-02-01T00:00:00Z
f0000000-0000-0000-0000-000000000053,click,2024-02-01T00:00:00Z
f0000000-0000-0000-0000-000000000054,click,2024-02-01T00:00:00Z
f0000000-0000-0000-0000-000000000055,click,2024-02-01T00:00:00Z
f0000000-0000-0000-0000-000000000056,click,2024-02-01T00:00:00Z
f0000000-0000-0000-0000-000000000057,click,2024-02-01T00:00:00Z
f0000000-0000-0000-0000-000000000058,click,2024-02-01T00:00:00Z
f0000000-0000-0000-0000-000000000059,click,2024-02-01T00:00:00Z
f0000000-0000-0000-0000-000000000060,click,2024-02-01T00:00:00Z
f0000000-0000-0000-0000-000000000061,click,2024-02-01T00:00:00Z
f0000000-0000-0000-0000-000000000062,click,2024-02-01T00:00:00Z
f0000000-0000-0000-0000-000000000063,click,2024-02-01T00:00:00Z
f0000000-0000-0000-0000-000000000064,click,2024-02-01T00:00:00Z
f0000000-0000-0000-0000-000000000065,click,2024-02-01T00:00:00Z
f0000000-0000-0000-0000-000000000066,click,2024-02-01T00:00:00Z
f0000000-0000-0000-0000-000000000067,click,2024-02-01T00:00:00Z
f0000000-0000-0000-0000-000000000068,click,2024-02-01T00:00:00Z
f0000000-0000-0000-0000-000000000069,click,2024-02-01T00:00:00Z
f0000000-0000-0000-0000-000000000070,click,2024-02-01T00:00:00Z
f0000000-0000-0000-0000-000000000071,click,2024-02-01T00:00:00Z
f0000000-0000-0000-0000-000000000072,click,2024-02-01T00:00:00Z
f0000000-0000-0000-0000-000000000073,click,2024-02-01T00:00:00Z
f0000000-0000-0000-0000-000000000074,click,2024-02-01T00:00:00Z
f0000000-0000-0000-0000-000000000075,click,2024-02-01T00:00:00Z
f0000000-0000-0000-0000-000000000076,click,2024-02-01T00:00:00Z
f0000000-0000-0000-0000-000000000077,click,2024-02-01T00:00:00Z
f0000000-0000-0000-0000-000000000078,click,2024-02-01T00:00:00Z
f0000000-0000-0000-0000-000000000079,click,2024-02-01T00:00:00Z
f0000000-0000-0000-0000-000000000080,click,2024-02-01T00:00:00Z
f0000000-0000-0000-0000-000000000081,click,2024-02-01T00:00:00Z
f0000000-0000-0000-0000-000000000082,click,2024-02-01T00:00:00Z
f0000000-0000-0000-0000-000000000083,click,2024-02-01T00:00:00Z
f0000000-0000-0000-0000-000000000084,click,2024-02-01T00:00:00Z
f0000000-0000-0000-0000-000000000085,click,2024-02-01T00:00:00Z
f0000000-0000-0000-0000-000000000086,click,2024-02-01T00:00:00Z
f0000000-0000-0000-0000-000000000087,click,2024-02-01T00:00:00Z
f0000000-0000-0000-0000-000000000088,click,2024-02-01T00:00:00Z
f0000000-0000-0000-0000-000000000089,click,2024-02-01T00:00:00Z
f0000000-0000-0000-0000-000000000090,click,2024-02-01T00:00:00Z
f0000000-0000-0000-0000-000000000091,click,2024-02-01T00:00:00Z
f0000000-0000-0000-0000-000000000092,click,2024-02-01T00:00:00Z
f0000000-0000-0000-0000-000000000093,click,2024-02-01T00:00:00Z
f0000000-0000-0000-0000-000000000094,click,2024-02-01T00:00:00Z
f0000000-0000-0000-0000-000000000095,click,2024-02-01T00:00:00Z
f0000000-0000-0000-0000-000000000096,click,2024-02-01T00:00:00Z
f0000000-0000-0000-0000-000000000097,click,2024-02-01T00:00:00Z
f0000000-0000-0000-0000-000000000098,click,2024-02-01T00:00:00Z
f0000000-0000-0000-0000-000000000099,click,2024-02-01T00:00:00Z
f0000000-0000-0000-0000-000000000100,click,2024-02-01T00:00:00Z
f0000000-0000-0000-0000-000000000101,click,2024-02-01T00:00:00Z
f0000000-0000-0000-0000-000000000102,click,2024-02-01T00:00:00Z
f0000000-0000-0000-0000-000000000103,click,2024-02-01T00:00:00Z
f0000000-0000-0000-0000-000000000104,click,2024-02-01T00:00:00Z
f0000000-0000-0000-0000-000000000105,click,2024-02-01T00:00:00Z
f0000000-0000-0000-0000-000000000106,click,2024-02-01T00:00:00Z
f0000000-0000-0000-0000-000000000107,click,2024-02-01T00:00:00Z
f0000000-0000-0000-0000-000000000108,click,2024-02-01T00:00:00Z
f0000000-0000-0000-0000-000000000109,click,2024-02-01T00:00:00Z
f0000000-0000-0000-0000-000000000110,click,2024-02-01T00:00:00Z
f0000000-0000-0000-0000-000000000111,click,2024-02-01T00:00:00Z
f0000000-0000-0000-0000-000000000112,click,2024-02-01T00:00:00Z
f0000000-0000-0000-0000-000000000113,click,2024-02-01T00:00:00Z
f0000000-0000-0000-0000-000000000114,click,2024-02-01T00:00:00Z
f0000000-0000-0000-0000-000000000115,click,2024-02-01T00:00:00Z
f0000000-0000-0000-0000-000000000116,click,2024-02-01T00:00:00Z
f0000000-0000-0000-0000-000000000117,click,2024-02-01T00:00:00Z
f0000000-0000-0000-0000-000000000118,click,2024-02-01T00:00:00Z
f0000000-0000-0000-0000-000000000119,click,2024-02-01T00:00:00Z
f0000000-0000-0000-0000-000000000120,click,2024-02-01T00:00:00Z
f0000000-0000-0000-0000-000000000121,click,2024-02-01T00:00:00Z
f0000000-0000-0000-0000-000000000122,click,2024-02-01T00:00:00Z
f0000000-0000-0000-0000-000000000123,click,2024-02-01T00:00:00Z
f0000000-0000-0000-0000-000000000124,click,2024-02-01T00:00:00Z
f0000000-0000-0000-0000-000000000125,click,2024-02-01T00:00:00Z
f0000000-0000-0000-0000-000000000126,click,2024-02-01T00:00:00Z
f0000000-0000-0000-0000-000000000127,click,2024-02-01T00:00:00Z
f0000000-0000-0000-0000-000000000128,click,2024-02-01T00:00:00Z
f0000000-0000-0000-0000-000000000129,click,2024-02-01T00:00:00Z
f0000000-0000-0000-0000-000000000130,click,2024-02-01T00:00:00Z
f0000000-0000-0000-0000-000000000131,click,2024-02-01T00:00:00Z
f0000000-0000-0000-0000-000000000132,click,2024-02-01T00:00:00Z
f0000000-0000-0000-0000-000000000133,click,2024-02-01T00:00:00Z
f0000000-0000-0000-0000-000000000134,click,2024-02-01T00:00:00Z
f0000000-0000-0000-0000-000000000135,click,2024-02-01T00:00:00Z
f0000000-0000-0000-0000-000000000136,click,2024-02-01T00:00:00Z
f0000000-0000-0000-0000-000000000137,click,2024-02-01T00:00:00Z
f0000000-0000-0000-0000-000000000138,click,2024-02-01T00:00:00Z
f0000000-0000-0000-0000-000000000139,click,2024-02-01T00:00:00Z
f0000000-0000-0000-0000-000000000140,click,2024-02-01T00:00:00Z
f0000000-0000-0000-0000-000000000141,click,2024-02-01T00:00:00Z
f0000000-0000-0000-0000-000000000142,click,2024-02-01T00:00:00Z
f0000000-0000-0000-0000-000000000143,click,2024-02-01T00:00:00Z
f0000000-0000-0000-0000-000000000144,click,2024-02-01T00:00:00Z
f0000000-0000-0000-0000-000000000145,click,2024-02-01T00:00:00Z
f0000000-0000-0000-0000-000000000146,click,2024-02-01T00:00:00Z
f0000000-0000-0000-0000-000000000147,click,2024-02-01T00:00:00Z
f0000000-0000-0000-0000-000000000148,click,2024-02-01T00:00:00Z
f0000000-0000-0000-0000-000000000149,click,2024-02-01T00:00:00Z
f0000000-0000-0000-0000-000000000150,click,2024-02-01T00:00:00Z
f0000000-0000-0000-0000-000000000151,click,2024-02-01T00:00:00Z
f0000000-0000-0000-0000-000000000152,click,2024-02-01T00:00:00Z
f0000000-0000-0000-0000-000000000153,click,2024-02-01T00:00:00Z
f0000000-0000-0000-0000-000000000154,click,2024-02-01T00:00:00Z
f0000000-0000-0000-0000-000000000155,click,2024-02-01T00:00:00Z
f0000000-0000-0000-0000-000000000156,click,2024-02-01T00:00:00Z
f0000000-0000-0000-0000-000000000157,click,2024-02-01T00:00:00Z
f0000000-0000-0000-0000-000000000158,click,2024-02-01T00:00:00Z
f0000000-0000-0000-0000-000000000159,click,2024-02-01T00:00:00Z
f0000000-0000-0000-0000-000000000160,click,2024-02-01T00:00:00Z
f0000000-0000-0000-0000-000000000161,click,2024-02-01T00:00:00Z
f0000000-0000-0000-0000-000000000162,click,2024-02-01T00:00:00Z
f0000000-0000-0000-0000-000000000163,click,2024-02-01T00:00:00Z
f0000000-0000-0000-0000-000000000164,click,2024-02-01T00:00:00Z
f0000000-0000-0000-0000-000000000165,click,2024-02-01T00:00:00Z
f0000000-0000-0000-0000-000000000166,click,2024-02-01T00:00:00Z
f0000000-0000-0000-0000-000000000167,click,2024-02-01T00:00:00Z
f0000000-0000-0000-0000-000000000168,click,2024-02-01T00:00:00Z
f0000000-0000-0000-0000-000000000169,click,2024-02-01T00:00:00Z
f0000000-0000-0000-0000-000000000170,click,2024-02-01T00:00:00Z
f0000000-0000-0000-0000-000000000171,click,2024-02-01T00:00:00Z
f0000000-0000-0000-0000-000000000172,click,2024-02-01T00:00:00Z
f0000000-0000-0000-0000-000000000173,click,2024-02-01T00:00:00Z
f0000000-0000-0000-0000-000000000174,click,2024-02-01T00:00:00Z
f0000000-0000-0000-0000-000000000175,click,2024-02-01T00:00:00Z
f0000000-0000-0000-0000-000000000176,click,2024-02-01T00:00:00Z
f0000000-0000-0000-0000-000000000177,click,2024-02-01T00:00:00Z
f0000000-0000-0000-0000-000000000178,click,2024-02-01T00:00:00Z
f0000000-0000-0000-0000-000000000179,click,2024-02-01T00:00:00Z
f0000000-0000-0000-0000-000000000180,click,2024-02-01T00:00:00Z
f0000000-0000-0000-0000-000000000181,click,2024-02-01T00:00:00Z
f0000000-0000-0000-0000-000000000182,click,2024-02-01T00:00:00Z
f0000000-0000-0000-0000-000000000183,click,2024-02-01T00:00:00Z
f0000000-0000-0000-0000-000000000184,click,2024-02-01T00:00:00Z
f0000000-0000-0000-0000-000000000185,click,2024-02-01T00:00:00Z
f0000000-0000-0000-0000-000000000186,click,2024-02-01T00:00:00Z
f0000000-0000-0000-0000-000000000187,click,2024-02-01T00:00:00Z
f0000000-0000-0000-0000-000000000188,click,2024-02-01T00:00:00Z
f0000000-0000-0000-0000-000000000189,click,2024-02-01T00:00:00Z
f0000000-0000-0000-0000-000000000190,click,2024-02-01T00:00:00Z
f0000000-0000-0000-0000-000000000191,click,2024-02-01T00:00:00Z
f0000000-0000-0000-0000-000000000192,click,2024-02-01T00:00:00Z
f0000000-0000-0000-0000-000000000193,click,2024-02-01T00:00:00Z
f0000000-0000-0000-0000-000000000194,click,2024-02-01T00:00:00Z
f0000000-0000-0000-0000-000000000195,click,2024-02-01T00:00:00Z
f0000000-0000-0000-0000-000000000196,click,2024-02-01T00:00:00Z
f0000000-0000-0000-0000-000000000197,click,2024-02-01T00:00:00Z
f0000000-0000-0000-0000-000000000198,click,2024-02-01T00:00:00Z
f0000000-0000-0000-0000-000000000199,click,2024-02-01T00:00:00Z
f0000000-0000-0000-0000-000000000200,click,2024-02-01T00:00:00Z
f0000000-0000-0000-0000-000000000201,click,2024-02-01T00:00:00Z
f0000000-0000-0000-0000-000000000202,click,2024-02-01T00:00:00Z
f0000000-0000-0000-0000-000000000203,click,2024-02-01T00:00:00Z
f0000000-0000-0000-0000-000000000204,click,2024-02-01T00:00:00Z
f0000000-0000-0000-0000-000000000205,click,2024-02-01T00:00:00Z
f0000000-0000-0000-0000-000000000206,click,2024-02-01T00:00:00Z
f0000000-0000-0000-0000-000000000207,click,2024-02-01T00:00:00Z
f0000000-0000-0000-0000-000000000208,click,2024-02-01T00:00:00Z
f0000000-0000-0000-0000-000000000209,click,2024-02-01T00:00:00Z
f0000000-0000-0000-0000-000000000210,click,2024-02-01T00:00:00Z
f0000000-0000-0000-0000-000000000211,click,2024-02-01T00:00:00Z
f0000000-0000-0000-0000-000000000212,click,2024-02-01T00:00:00Z
f0000000-0000-0000-0000-000000000213,click,2024-02-01T00:00:00Z
f0000000-0000-0000-0000-000000000214,click,2024-02-01T00:00:00Z
f0000000-0000-0000-0000-000000000215,click,2024-02-01T00:00:00Z
f0000000-0000-0000-0000-000000000216,click,2024-02-01T00:00:00Z
f0000000-0000-0000-0000-000000000217,click,2024-02-01T00:00:00Z
f0000000-0000-0000-0000-000000000218,click,2024-02-01T00:00:00Z
f0000000-0000-0000-0000-000000000219,click,2024-02-01T00:00:00Z
f0000000-0000-0000-0000-000000000220,click,2024-02-01T00:00:00Z
f0000000-0000-0000-0000-000000000221,click,2024-02-01T00:00:00Z
f0000000-0000-0000-0000-000000000222,click,2024-02-01T00:00:00Z
f0000000-0000-0000-0000-000000000223,click,2024-02-01T00:00:00Z
f0000000-0000-0000-0000-000000000224,click,2024-02-01T00:00:00Z
f0000000-0000-0000-0000-000000000225,click,2024-02-01T00:00:00Z
f0000000-0000-0000-0000-000000000226,click,2024-02-01T00:00:00Z
f0000000-0000-0000-0000-000000000227,click,2024-02-01T00:00:00Z
f0000000-0000-0000-0000-000000000228,click,2024-02-01T00:00:00Z
f0000000-0000-0000-0000-000000000229,click,2024-02-01T00:00:00Z
f0000000-0000-0000-0000-000000000230,click,2024-02-01T00:00:00Z
f0000000-0000-0000-0000-000000000231,click,2024-02-01T00:00:00Z
f0000000-0000-0000-0000-000000000232,click,2024-02-01T00:00:00Z
f0000000-0000-0000-0000-000000000233,click,2024-02-01T00:00:00Z
f0000000-0000-0000-0000-000000000234,click,2024-02-01T00:00:00Z
f0000000-0000-0000-0000-000000000235,click,2024-02-01T00:00:00Z
f0000000-0000-0000-0000-000000000236,click,2024-02-01T00:00:00Z
f0000000-0000-0000-0000-000000000237,click,2024-02-01T00:00:00Z
f0000000-0000-0000-0000-000000000238,click,2024-02-01T00:00:00Z
f0000000-0000-0000-0000-000000000239,click,2024-02-01T00:00:00Z
f0000000-0000-0000-0000-000000000240,click,2024-02-01T00:00:00Z
f0000000-0000-0000-0000-000000000241,click,2024-02-01T00:00:00Z
f0000000-0000-0000-0000-000000000242,click,2024-02-01T00:00:00Z
f0000000-0000-0000-0000-000000000243,click,2024-02-01T00:00:00Z
f0000000-0000-0000-0000-000000000244,click,2024-02-01T00:00:00Z
f0000000-0000-0000-0000-000000000245,click,2024-02-01T00:00:00Z
f0000000-0000-0000-0000-000000000246,click,2024-02-01T00:00:00Z
f0000000-0000-0000-0000-000000000247,click,2024-02-01T00:00:00Z
f0000000-0000-0000-0000-000000000248,click,2024-02-01T00:00:00Z
f0000000-0000-0000-0000-000000000249,click,2024-02-01T00:00:00Z
f0000000-0000-0000-0000-000000000250,click,2024-02-01T00:00:00Z
f0000000-0000-0000-0000-000000000251,click,2024-02-01T00:00:00Z
f0000000-0000-0000-0000-000000000252,click,2024-02-01T00:00:00Z
f0000000-0000-0000-0000-000000000253,click,2024-02-01T00:00:00Z
f0000000-0000-0000-0000-000000000254,click,2024-02-01T00:00:00Z
f0000000-0000-0000-0000-000000000255,click,2024-02-01T00:00:00Z
f0000000-0000-0000-0000-000000000256,click,2024-02-01T00:00:00Z
f0000000-0000-0000-0000-000000000257,click,2024-02-01T00:00:00Z
f0000000-0000-0000-0000-000000000258,click,2024-02-01T00:00:00Z
f0000000-0000-0000-0000-000000000259,click,2024-02-01T00:00:00Z
f0000000-0000-0000-0000-000000000260,click,2024-02-01T00:00:00Z
f0000000-0000-0000-0000-000000000261,click,2024-02-01T00:00:00Z
f0000000-0000-0000-0000-000000000262,click,2024-02-01T00:00:00Z
f0000000-0000-0000-0000-000000000263,click,2024-02-01T00:00:00Z
f0000000-0000-0000-0000-000000000264,click,2024-02-01T00:00:00Z
f0000000-0000-0000-0000-000000000265,click,2024-02-01T00:00:00Z
f0000000-0000-0000-0000-000000000266,click,2024-02-01T00:00:00Z
f0000000-0000-0000-0000-000000000267,click,2024-02-01T00:00:00Z
f0000000-0000-0000-0000-000000000268,click,2024-02-01T00:00:00Z
f0000000-0000-0000-0000-000000000269,click,2024-02-01T00:00:00Z
f0000000-0000-0000-0000-000000000270,click,2024-02-01T00:00:00Z
f0000000-0000-0000-0000-000000000271,click,2024-02-01T00:00:00Z
f0000000-0000-0000-0000-000000000272,click,2024-02-01T00:00:00Z
f0000000-0000-0000-0000-000000000273,click,2024-02-01T00:00:00Z
f0000000-0000-0000-0000-000000000274,click,2024-02-01T00:00:00Z
f0000000-0000-0000-0000-000000000275,click,2024-02-01T00:00:00Z
f0000000-0000-0000-0000-000000000276,click,2024-02-01T00:00:00Z
f0000000-0000-0000-0000-000000000277,click,2024-02-01T00:00:00Z
f0000000-0000-0000-0000-000000000278,click,2024-02-01T00:00:00Z
f0000000-0000-0000-0000-000000000279,click,2024-02-01T00:00:00Z
f0000000-0000-0000-0000-000000000280,click,2024-02-01T00:00:00Z
f0000000-0000-0000-0000-000000000281,click,2024-02-01T00:00:00Z
f0000000-0000-0000-0000-000000000282,click,2024-02-01T00:00:00Z
f0000000-0000-0000-0000-000000000283,click,2024-02-01T00:00:00Z
f0000000-0000-0000-0000-000000000284,click,2024-02-01T00:00:00Z
f0000000-0000-0000-0000-000000000285,click,2024-02-01T00:00:00Z
f0000000-0000-0000-0000-000000000286,click,2024-02-01T00:00:00Z
f0000000-0000-0000-0000-000000000287,click,2024-02-01T00:00:00Z
f0000000-0000-0000-0000-000000000288,click,2024-02-01T00:00:00Z
f0000000-0000-0000-0000-000000000289,click,2024-02-01T00:00:00Z
f0000000-0000-0000-0000-000000000290,click,2024-02-01T00:00:00Z
f0000000-0000-0000-0000-000000000291,click,2024-02-01T00:00:00Z
f0000000-0000-0000-0000-000000000292,click,2024-02-01T00:00:00Z
f0000000-0000-0000-0000-000000000293,click,2024-02-01T00:00:00Z
f0000000-0000-0000-0000-000000000294,click,2024-02-01T00:00:00Z
f0000000-0000-0000-0000-000000000295,click,2024-02-01T00:00:00Z
f0000000-0000-0000-0000-000000000296,click,2024-02-01T00:00:00Z
f0000000-0000-0000-0000-000000000297,click,2024-02-01T00:00:00Z
f0000000-0000-0000-0000-000000000298,click,2024-02-01T00:00:00Z
f0000000-0000-0000-0000-000000000299,click,2024-02-01T00:00:00Z
f0000000-0000-0000-0000-000000000300,click,2024-02-01T00:00:00Z
